,0
a-station-yet-watch-enough-pay-industry.csv,review
accept-name-above.pub,review
act-girl-raise-word-kind-south-student.log,review
actually-parent.pub,review
add-make-manager.html,review
admit-become-music-action-majority.mp3,review
again-civil-trade.pem,review
again-tax-environment.md,review
against-as-body.pub,review
age-security-middle-economic-law-book.log,review
ago-this-as-simply.csv,review
ahead-crime-cost-participant-behind.ps1,review
ahead-form-citizen.xlsx,review
ahead-player-media.pem,review
air-everybody-talk.txt,False
although-tv-wide-american.log,review
american-way-mean.html,review
among-defense-us.db,review
amount-discussion.png,review
amount-down-follow-suffer.ps1,review
analysis-gas-and.xlsx,review
analysis-painting.jpg,review
animal-try-safe.html,review
another-open.csv,review
anything-none-send.html,review
aperiam-accusantium.pdf,review
aperiam-reiciendis.pdf,review
apply-kid-enjoy-think-road-no-again,review
approach-suggest.csv,review
argue-first.html,review
around-goal-head.csv,review
article-fire-across.pem,review
ask-agreement-sense.pub,review
at-face-movie-hit-trip-recognize.md,review
at-several-above.html,review
auf-gegen-sonne.pdf,review
autem-labore.pdf,review
autem-ratione-at.pdf,review
author-none-senior.pub,review
authority-once-blue-trial-mean-but,review
authority.pem,review
avoid-finish-pm.csv,review
avoid-pass-service-themselves-mouth.md,review
avoid-speak-table.xlsx,review
away-player-win.pub,review
baby-thing-follow.docx,review
back-close-agree.txt,True
bad-follow-even.docx,review
bank-respond-a.pub,review
bank-source-head-whatever-six.md,review
bank-white-shoulder.html,review
bar-court-bill-wait-final-question.ps1,review
bar-test-ability.xlsx,review
bar-tonight-board-else-much-size.log,review
base-lose-wear,review
bauen-besser.pdf,review
be-pass-bad-east,review
beat-begin-face.csv,review
become-song-close.pem,review
become-song-close.pub,review
become-when-and-instead-himself,review
bed-off-control.pem,review
bed-off-control.pub,review
bed-read-son,review
before-focus-ten.html,review
begin-modern.csv,review
begin-wonder-center-consumer-my-task.log,review
believe-exist-white.csv,review
benefit-local-must-feel-even-sometimes.md,review
benefit-majority.html,review
bett-mann-tief.pdf,review
better-method.csv,review
big-change-positive-walk-north-reach.ps1,review
bit-final-night.html,review
bit-structure,review
bit-throughout-stay.xlsx,review
black-executive.xlsx,review
blanditiis-quas.pdf,review
blue-admit-kitchen.html,review
blue-mean-news-over.xlsx,review
board-bed-protect.xlsx,review
both-strategy-or-direction-family.log,review
bring-who-manager-organization-chance.ps1,review
brother-item-film-yard-citizen-modern.ps1,review
btc-cwd.jpg,review
budget-game-their.zip,review
budget-point-store.csv,review
budget-spring-have-term-nation-close.log,review
build-a-body-cut.xlsx,review
business-stand-rest-drop-pass-find.log,review
buy-president-baby.pub,review
campaign-any-too.db,review
can-head-technology-employee-senior.log,review
can-state-land.pub,review
candidate-ahead.html,review
candidate-work.csv,review
card-study-order.xlsx,review
carry-grow-today.pub,review
case-car-lay-report.xlsx,review
catch-actually-bed.html,review
cause-bit-book.html,review
century-recently.xlsx,review
certain-material.csv,review
certainly-obvious.csv,review
chair-way-any-serve.xlsx,review
chair-when-think.zip,review
chair-would-item.xlsx,review
character-difficult-eight-tree-man.log,review
choice-hit-trade-indicate-me-recent.log,review
choose-mouth-play-everyone-cell.ps1,review
church-just-there.xlsx,review
citizen-budget-form-win-war.log,review
citizen-major-hit-congress-full.md,review
cold-consider.csv,review
cold-nice-among.html,review
college-case-have.xlsx,review
college-little.csv,review
community-five-go.xml,review
company-expert-life-wear-indeed.md,review
computer-always-air-because-lay.ps1,review
condition-glass.xml,review
congress-house-expect-take-nearly,review
consider-dinner.csv,review
consider-task-red.pdf,review
contain-film-cell-father-ball.ps1,review
corrupti-inventore.pdf,review
cost-control-mother-base-republican,review
could-could-model.pem,review
couple-start.txt,False
course-republican-necessary-reveal.log,review
cover-feeling-radio-occur-always.log,review
create-campaign-protect-fish.md,review
create-table-them-per-on-leg-first.ps1,review
create-yeah-year.xlsx,review
cultural-himself-a.pdf,review
cumque-debitis-sed.pdf,review
cumque-repellat.pdf,review
cup-party-thought-best-girl-sit.log,review
cupiditate-saepe.pdf,review
current-bit-science.xlsx,review
data-kitchen-human.csv,review
data-true-for-what-see-evidence.ps1,review
daughter-reflect.html,review
daughter-turn-will.xlsx,review
day-sport-against.csv,review
deal-ever-high-when-leave-street.ps1,review
debitis.msg,review
decade-more-product.xlsx,review
decide-everything.docx,review
decide-firm-office.xlsx,review
deep-citizen.csv,review
defense-couple-or-service-be.log,review
defense-movement-up.csv,review
defense-year-catch.pem,review
degree-happy-career.xlsx,review
deleniti-est-sit.pdf,review
democratic-teacher.xlsx,review
describe-do.csv,review
deserunt-recusandae.pdf,review
design-watch-create.pem,review
despite-head-hit-continue-able.log,review
determine-capital.csv,review
determine-heavy.csv,review
develop-deal-family-when-near-marriage.ps1,review
develop-or-build.pdf,review
develop-throughout.xlsx,review
development-budget.db,review
dicta-dicta-quaerat.pdf,review
dicta-est-corporis.pdf,review
difference-real.xlsx,review
difference-table.xlsx,review
difficult.csv,review
ding-jetzt-stellen.pdf,review
direction-wish.csv,review
director-once-night.xlsx,review
discussion-trip-certainly-player,review
distinctio-incidunt.pdf,review
do-affect-sound-camera-arm-quickly.log,review
do-letter-police.html,review
do-own-better.pem,review
doctor-skin-want.zip,review
dog-including-pattern-physical.log,review
dolore-libero-rem.pdf,review
dolore-nulla.pdf,review
dolores-sunt.pdf,review
dolorum-voluptate.msg,review
door-rule-low.pem,review
down-night-former.xlsx,review
draw-eat-office.csv,review
during-city-manage.xlsx,review
during-how-letter.html,review
each-ground-can-writer-draw-whom.ps1,review
each-under-left-half-whatever.log,review
east-join-thus-his-then-book.ps1,review
east-road-challenge.pem,review
eat-go-center-year.pdf,review
eat-line-six-total.xlsx,review
economy-baby-change-reduce-several-seem.md,review
edge-foot-miss.pub,review
edge-local-give-on-piece-natural.log,review
edge-thought-can-name-country-memory.ps1,review
edge-type-relate.db,review
education-rather-establish-increase.log,review
effect-majority.xlsx,review
einmal-sehr.pdf,review
either-research.docx,review
eius-nostrum-quod.pdf,review
eligendi-labore-a.pdf,review
else-do-little.pem,review
else-outside.html,review
else-page-tough-business-meet-less.log,review
eltern-uhr-sieben.pdf,review
employee-add-degree-born-seem.log,review
employee-rock-speak.csv,review
end-myself-happy.csv,review
enim-at.pdf,review
enjoy-financial-black-reflect.log,review
environment-note-total-per-look.md,review
environment-world.xlsx,review
environmental-rock-risk-kind.ps1,review
error-tempore-id.pdf,review
escrow-ether.png,review
especially-throw-eat-road-statement.log,review
esse-ipsum.pdf,review
establish-media.docx,review
etwas-dort-fu-bild.pdf,review
evening-can-up.csv,review
event-control-perhaps-oil-pass.log,review
ever-should-writer.html,review
every-million-drive.csv,review
every-seem-decade.csv,review
everybody-place.pdf,review
everybody-the-light-many-professional.log,review
everyone-chair-economic-nearly.md,review
everyone-member-gun-middle-seek.log,review
everyone-win-first.pub,review
evidence-message.xlsx,review
evidence-smile-finally,review
example-shoulder.docx,review
exercitationem-iure.pdf,review
expect-will-person.zip,review
explain-respond.html,review
export-t12-teneighty.jpg,review
fact-experience-prepare-minute.log,review
fact-morning-expert-fly-method.md,review
factor-prevent.docx,review
factor-western.pdf,review
far-let-because.csv,review
fear-pattern-agree.html,review
fear-worry.html,review
federal-run.pub,review
federal-top-no-deep.db,review
feel-whether-eight-condition-car-class.log,review
feeling-nice-almost.csv,review
feeling-west-at-decide-career,review
few-affect-whatever.pem,review
field-again-machine.png,review
field-remember-meet-want-beautiful-like.md,review
field-subject.pem,review
fight-alone-wall.py,review
fill-fine-identify.db,review
final-agreement.html,review
final-executive.csv,review
final-special.xlsx,review
financial-example-professor-short.ps1,review
find-they.xlsx,review
finger-treffen.pdf,review
fire-sell-around-by.pub,review
firm-chair-say-gun-get-nature-although.ps1,review
first-eye-instead.csv,review
first-head-world.csv,review
first-region-large.zip,review
fish-fine-week.xlsx,review
fish-five-finally-store-than-foreign,review
fish-prepare-walk-agency-entire-focus.log,review
fish-response-month.pdf,review
five-including-bar-shoulder-spend.md,review
five-kitchen-mr-million-partner.ps1,review
floor-cut-ball.docx,review
fly-camera-book.xml,review
follow-especially.xlsx,review
follow-shake-way.csv,review
follow-turn-them-audience.md,review
foot-front-until-image-whatever.md,review
force-agreement.pem,review
force-apply-fear-game-forward-owner.md,review
foreign-here.db,review
foreign-which-top-student-six-bag.ps1,review
forget-less-pay-deep-opportunity.mp3,review
form-firm-sister.csv,review
form-into-and-fire.xlsx,review
form-tend-we.html,review
former-public.db,review
forward-example.png,review
four-evening-stuff.csv,review
free-southern-close.html,review
friend-open-economy.pdf,review
from-modern-perform-financial.log,review
full-central-large-outside-event.log,review
future-far-officer-then-life-capital.log,review
future-if-summer.xlsx,review
gas-capital-win-can-such-pretty-reality.log,review
generation-myself-science-per-social.log,review
get-grow-land-yet.pem,review
go-benefit-chair.pem,review
go-benefit-chair.pub,review
goal-my-prepare.py,review
good-many-that-draw.db,review
government-tax-her.html,review
great-compare-loss.pdf,review
great-crime-lay.xlsx,review
great-number-road-agreement-tell.mp3,review
green-dark-whose-phone-public.md,review
ground-win-check-face-possible-law.md,review
grow-agency-baby-ever-stay-test.csv,review
growth-anything-message-form-make.md,review
growth-relationship.docx,review
gun-expect-relate-civil-receive-be.ps1,review
half-modern.png,review
hand-out-yes-stand-create-player-black.ps1,review
happen-world-guess.xlsx,review
happy-hand-reach.xlsx,review
hard-hear-method.xlsx,review
harum-quam-saepe.pdf,review
have-pick-save-pull.pub,review
have-shoulder.html,review
he-much-suddenly.xlsx,review
he-surface-soon.csv,review
head-attention-hot-goal-meeting-why.ps1,review
head-especially-great-every.ps1,review
health-woman-center-explain-production,review
hear-eat-property.csv,review
heavy.pem,review
here-mention-war-foreign-then-ten.md,review
here-rule-however.csv,review
himself-half-late.html,review
his-choice.csv,review
history-star-former-station.log,review
hold-training.pem,review
home-ago-official.csv,review
hospital-thing.csv,review
hotel-north-artist,review
hour-land-center.csv,review
hour-store.csv,review
how-majority.pem,review
huber-muster.png,review
huge-least-program-mouth-build.log,review
huge-stock.db,review
human-today-month,review
hundred-face.xlsx,review
hundred-generation.pem,review
hundred-someone.xlsx,review
husband-option-fall.html,review
husband-view.xlsx,review
id-distinctio.pdf,review
idea-article-for-why-yes-than.log,review
idea-beyond-policy.xlsx,review
idea-experience-only-cup-player.md,review
if-store-its-choice.xml,review
if-war-miss-beyond-whatever-interview.log,review
illo-id-et-ullam.jpg,review
illum-recusandae.pdf,review
image-talk-point-ball-commercial.ps1,review
imagine-effect.xlsx,review
imagine-positive-leader-hold-crime,review
impedit-placeat.pdf,review
important-popular.db,review
improve-leave-type.csv,review
in-velit-aliquid.py,review
incidunt-officia.msg,review
including-get.xml,review
including-sound.xlsx,review
increase-her-next.pem,review
indeed-dog-late.csv,review
indicate-night-born-watch-loss-one.ps1,review
individual-raise.pem,review
inside-certainly.pem,review
institution-play-necessary.log,review
interest-successful.csv,review
interesting-break.pem,review
international.csv,review
international.xlsx,review
interview-perform.pdf,review
into-better-wrong-head-continue-need.ps1,review
into-four-simply.xml,review
into-particular-win.xml,review
inventore-veniam.pdf,review
inventore.pdf,review
involve-trip-line-treat-in-if-manage.log,review
ipsa-officia-non.pdf,review
ipsum-consequuntur.pdf,review
ipsum-eveniet.pdf,review
ipsum-saepe-non-rem.pdf,review
ist-fressen-zur.pdf,review
ist-neu-geben-licht.pdf,review
item-someone-side,review
just-similar-which-girl-herself-model.ps1,review
keep-election-close.pdf,review
key-air-imagine.csv,review
key-job-heavy-town-religious.log,review
key-measure-soon.csv,review
key-play-difficult-right-technology,review
kid-quality-take.docx,review
kitchen-energy.html,review
labels.csv,review
last-much-method.db,review
later-at-provide.xlsx,review
laugh-subject-good.pem,review
law-town-offer-too.xlsx,review
learn-knowledge.html,review
letter-capital-lot-well-east-few-two.ps1,review
letter-style-them-teach-institution,review
libero-expedita-non.pdf,review
life-appear-other.xlsx,review
life-painting-team.pub,review
light-production-because-fly-year.md,review
light-whole-recent.xlsx,review
like-face-mouth.html,review
like-whether-cut.csv,review
line-above-father-current-student.md,review
little-paper-forget.csv,review
live-attention.xml,review
long-believe.html,review
magni-nemo-vero.pdf,review
make-per-foot.csv,review
make-television.pem,review
mama-man-wahr-nah.pdf,review
manage-several.csv,review
market-floor.xlsx,review
marriage-management.xml,review
material-either.pdf,review
material-local-pick-lose-machine.log,review
maxime-harum.pdf,review
maybe-third-despite.csv,review
mean-operation.html,review
measure-card-long-while-coach-table.md,review
meeting-study-free-possible-these.md,review
member-inside-similar-bill-doctor.log,review
memory-culture-big.xml,review
message-senior.png,review
meta-export.jpg,review
meta-object.jpg,review
method-choice-during-not-receive.log,review
middle-alone.pem,review
might-democratic.html,review
might-how-tough-century-describe.md,review
might-walk-growth.pub,review
million-three-movie.pem,review
mind-career-ago.xlsx,review
minus-ad-aliquid.pdf,review
mission-both-often.csv,review
model-congress.xlsx,review
modern-former-seem.py,review
molestiae.pdf,review
mollitia-quo-autem.msg,review
mollitia.pdf,review
money-rather-which,review
more-store-leave.pem,review
morning-from-tend.html,review
morning-stay-ask.xlsx,review
move-sea-number.png,review
movement-one-next-campaign.md,review
mr-rest-unit-bring.html,review
mrs-popular-control.pub,review
my-new-accept-pay.csv,review
nam-minus-nemo.pdf,review
name-behind-hard.pem,review
name-turn-add-take.html,review
natural-stage-their-play-seem-question.md,review
near-light-run.pem,review
near-open-approach-accept-live-since.log,review
near-population-follow-or-for-each.log,review
near-treatment.py,review
necessary-lawyer.xlsx,review
necessary-receive-event,review
need-east-health.py,review
need-plant-reach.xml,review
nemo-aperiam.pdf,review
nesciunt-error.pdf,review
new-agree-quite-budget-treat.log,review
newspaper-adult-speech-wonder-bill.ps1,review
next-decision-whom-stand.md,review
next-suggest.html,review
none-detail-late-choice-same-or-risk.log,review
none-finally-certainly-us-boy.ps1,review
none-mention-only.pem,review
none-senior-hour.pem,review
nor-public-join-me.csv,review
north-wonder-so-keep-heavy-too.md,review
not-address-state-medical-general.log,review
odit-laudantium.pdf,review
of-drop-carry-two.csv,review
offer-national-rate-walk-nature.log,review
offer-order-remain-dog-never.md,review
offer-single-green-reason-choice.log,review
office-structure.pem,review
officer-enjoy,review
often-simply.xlsx,review
often-though.csv,review
oil-several-eye.pem,review
ok-middle-region.html,review
ok-ten-party-law-bar-need-one.log,review
one-edge-power-next.py,review
only-its-animal-end.zip,review
only-room-night-nor-rule-case-day.md,review
onto-ground-store.zip,review
onto-north-central.html,review
optio-inventore-ea.pdf,review
optio-laborum.pdf,review
order-key-agency.docx,review
organization-blood-shake-who-with.log,review
organization-north-wife-space-rich.ps1,review
other-understand-involve-imagine.md,review
others-subject.xlsx,review
others-well-issue.xlsx,review
out-whose-enter-today-social-be.md,review
over-nation-ever.csv,review
owner-growth.xlsx,review
pariatur-dicta-quam.pdf,review
pariatur-eaque.pdf,review
participant-benefit.png,review
particular-become-after-never.md,review
particularly-critical.csv,review
partner-eight-its.txt,False
pattern-exist-such-hour-team-huge-big.log,review
pattern-oil.png,review
pay-shoulder-give.pem,review
peace-culture-my-pretty-move-just.ps1,review
per-movement.xlsx,review
perferendis.pdf,review
perform-week-note,review
personal-call-might-remember-exist.log,review
physical-mrs-will.html,review
picture-republican.csv,review
piece-piece-spring.txt,False
piece-weight-middle-head-stuff-would,review
place-box-rich.xml,review
place-myself-home.pub,review
plant-huge-success.xlsx,review
platz-musik-eis.pdf,review
pm-former-issue-role-federal.ps1,review
point-see-modern,review
politics-way-money.html,review
population-blue-sense-yet-central,review
population-good-amount-because.log,review
porro-explicabo.pdf,review
porro-rem-numquam.pdf,review
practice-soldier-class-age-recently.md,review
pressure-hour-car-eight.log,review
pressure-main.py,review
pretty-draw-phone-difficult-who-fly.log,review
prevent-computer.pem,review
prevent-computer.pub,review
price-my-particular-officer-yet.log,review
probably-to-him-approach-sea,review
process-song-during.db,review
produce-player-key.pub,review
product-enough-far.xlsx,review
product-phone-most-number-authority.log,review
product-task-worker-miss-investment.mp3,review
production-right-significant-go.md,review
professor-away-type-style-school-later.md,review
professor-film-available-network.log,review
professor-movie.csv,review
provident-vel.pdf,review
provident.pdf,review
quaerat-a-quia.msg,review
quaerat-eius-modi.pdf,review
quality-general.csv,review
quam-accusantium.pdf,review
quas-repellendus.pdf,review
quasi-debitis.pdf,review
question-standard-late-later-work-box,review
qui-debitis.msg,review
quisquam-maiores.pdf,review
quisquam.pdf,review
quo-quia-labore.pdf,review
quo-tenetur-eveniet.pdf,review
race-specific.pub,review
raise-third-sound.pdf,review
raise-visit-hope.html,review
range-home-view.pem,review
read-six-last-prove-off-tonight-brother.log,review
real-various-six-hope-land-last.log,review
reality-consider-commercial-ready.log,review
reality-indicate-still-daughter-red.md,review
reality-join-majority-think,review
realize-another-job-important.log,review
realize-little-garden-condition.md,review
realize-much-in.html,review
realize-professor-final-how-small-by.ps1,review
really-method-or.csv,review
really-scientist.csv,review
recognize-also.pub,review
recognize-little.db,review
red-after-chance-add-agreement-yeah.log,review
red-example-trial,review
region-itself.pub,review
relate-plant-carry-increase-as-tax.md,review
relate-politics-dream-study-big.log,review
relationship-let.xlsx,review
religious-speech.pub,review
remain-create-study.csv,review
report-wish-not.db,review
represent-able-we,review
represent.pem,review
republican-accept.db,review
republican-young-room-their.md,review
research-artist-wear-international.mp3,review
resource-ball-kid-position.log,review
resource-figure.csv,review
resource-recent.xlsx,review
response-since-save-tv-night.md,review
responsibility-born.pem,review
reveal-consider.pub,review
rich-ability.pem,review
right-clearly.pem,review
right-right-usually-over-arrive-medical.md,review
right-source-over-wall-ahead-check.log,review
rise-recognize.jpg,review
risk-follow-machine-them-easy-word-hold,review
road-on-third.pub,review
role-eight-play-arm-southern-property.log,review
role-six-whole-single-enough-think,review
room-person-live-protect-high.md,review
safe-pressure.xlsx,review
save-know-mr-choice-ago-none.md,review
say-stuff-north.pem,review
scene-prepare.pem,review
schauen-see-wollen.pdf,review
schlimm-durfen.pdf,review
score-phone-station-form.ps1,review
score-professional.html,review
sea-idea-life.csv,review
sea-raise-fast-avoid-magazine-the.log,review
season-along-argue-step-figure.ps1,review
seat-free-marriage.xlsx,review
seat-moment-service.html,review
second-local.xlsx,review
section-method.csv,review
security-along.html,review
see-bag-society-six-effect-speech,review
see-happy-story.xlsx,review
seek-ball-two-able-science-one.log,review
seite-gelb-wenig.pdf,review
sell-financial,review
sensitive-lotion.txt,False
serious-develop.xlsx,review
serve-specific.html,review
service-employee.xlsx,review
service-minute-side.py,review
service-movement.pub,review
service-right.jpg,review
seven-expect.pem,review
shake-note-believe.pem,review
share-quite-peace-its-page-study-such.log,review
she-identify-carry.html,review
she-sign-thus-else.pub,review
she-strategy-many-to-positive-if.log,review
short-international-likely-something.log,review
side-the-along-range-gas-argue.log,review
sign-machine.xlsx,review
sign-president.csv,review
significant-use.csv,review
simple-easy-finish-direction-reflect.md,review
simple-however-also.html,review
since-on-argue.csv,review
sing-pattern.csv,review
sit-near-short-field-dark-start.ps1,review
site-ask-remember.html,review
site-probably-add.xml,review
six-last-behavior.csv,review
skill-watch-family.xlsx,review
skin-course-moment.pub,review
skin-radio-how,review
so-political-common.pem,review
social-help-answer-answer-job.md,review
sollen-gehoren-nah.pdf,review
some-forward-work.pub,review
some-know-all-phone.xlsx,review
somebody-above-even-very-safe.ps1,review
somebody-politics.pdf,review
somebody-term.pem,review
someone-ago-safe-occur-such.md,review
soon-according-task-local-movie.log,review
south-million-lead-billion-air,review
south-our-century-lose-job-but,review
space-door-result.pem,review
space-resource.pub,review
speak-beat-always-issue-total-cup.log,review
special-account-current-reflect.md,review
specific-happen-explain-member-sure.mp3,review
speech-edge-role-site-event-book.md,review
spend-me-always.xlsx,review
spring-trial-town.xlsx,review
staff-go-pull-learn.pub,review
stand-middle-really-whole-that-police.log,review
stand-rule-politics,review
stand-value-save.xlsx,review
standard-relate-process-sport-next.ps1,review
star-day-option.xml,review
stark-nase-oma.pdf,review
start-raise-say.zip,review
statement-choose-pick-bar-grow,review
station-although.csv,review
station-someone.csv,review
station-stand-pull.xlsx,review
stay-blue-them-its.xml,review
step-suddenly.xml,review
step-travel-two-let.xlsx,review
store-fly-process.pdf,review
store-note-four.xlsx,review
strong-admit-tell-increase-although.ps1,review
strong-television.xml,review
study-compare.csv,review
stuff-although-they,review
stuff-heavy-paper.pub,review
style-firm-claim.txt,True
subject-rate-green.xlsx,review
success-choose.xlsx,review
success-who-side-that-news-federal.ps1,review
such-day-glass-happen-case.md,review
such-environmental,review
such-prepare-song,review
such-understand.xlsx,review
suddenly-seven-do-people-place.md,review
summer-someone-cell-happy-around-red,review
sure-leader-war.xlsx,review
system-from-important-tree-add.ps1,review
system-how-language-prove-remain.md,review
system-time-nation.pdf,review
table-start-cost.xlsx,review
take-a-professor,review
talk-apply-pay.html,review
teach-nature-drop.xlsx,review
team-both-chance.docx,review
technology-build-tv.pub,review
tempore-deserunt.pdf,review
ten-account.html,review
ten-also-store-want-build-best.log,review
ten-summer-answer,review
tend-become-charge.py,review
that-specific-enter.csv,review
the-what-generation.csv,review
their-financial.pem,review
themselves-agent,review
themselves-easy.jpg,review
themselves-increase.db,review
themselves-pay-most-involve-guess,review
thing-effort-raise.csv,review
third-town-recently.pub,review
thought-knowledge-media-degree.log,review
thought-young-chair.png,review
threat-exactly.csv,review
threat-physical-cover-professional.md,review
throw-peace-act-stage-nice-perform.log,review
throw-theory-member.html,review
throw-wind-market.xlsx,review
time-rich-city-pattern-land-staff,review
too-officer.pub,review
top-rich-wait-lot.xlsx,review
total-quickly.xlsx,review
toward-enter-public-story-national-down.log,review
town-call-purpose-piece-painting-else.log,review
town-grow-might-television-pressure.md,review
trade-community.db,review
trade-old-get-skin-general-party-would.log,review
training-human-bag-case-seem-attention.md,review
travel-man-perform-feel-game-action.log,review
treat-in-area-be-catch-young-talk.log,review
treatment-own-standard-eye-out-my.ps1,review
treatment-politics,review
tree-decade-follow,review
trip-claim-blood.csv,review
trip-receive-common-remember-certainly.ps1,review
trouble-if-safe.xlsx,review
truth-last-although.csv,review
truth-level-policy.html,review
truth-why-grow,review
try-top-although.csv,review
turn-bed-standard-serve-nice-research.log,review
turn-show-series.html,review
tv-leg-six-perform-which-site-eye.md,review
tv-necessary-piece.xlsx,review
up-produce-front.pem,review
us-thought-probably.csv,review
value-region-by.csv,review
value-two-candidate-arrive-try.log,review
various-more-leader.csv,review
vel-fugiat.msg,review
velit-consectetur.pdf,review
velit-voluptas.pdf,review
veniam-quisquam.pdf,review
verlieren-ihr-fest.pdf,review
vero-ex-corrupti.pdf,review
vielleicht-holen.pdf,review
view-reveal-realize.txt,True
visit-arm-day.db,review
visit-too-believe.txt,False
visit-very-increase,review
voice-none-also-material-word.log,review
voice-nor-design.xlsx,review
voluptas-sapiente.png,review
voluptatem-minima.jpg,review
voluptatum.pdf,review
vote-provide-seem-result-marriage.log,review
wait-business-must-we-just-yet,review
wait-newspaper-rate-bring-skill.log,review
walk-lead-stage-no-including-very.csv,review
wall-memory.xlsx,review
want-cover-then-spring-last-you.md,review
want-record-home.pem,review
water-could-treat-be-nothing-specific.md,review
we-important-speech.pem,review
wear-growth-ask-by-south-design-down.md,review
week-we-page-almost-response-other.log,review
wenig-traurig-sache.pdf,review
west-power-yourself.xlsx,review
west-total-million-quality-large-hear.log,review
western-he.csv,review
what-difficult-usually-pm-fill.md,review
where-network-form.html,review
whether-necessary.pem,review
while-exist-party-media-series.ps1,review
while-hundred-list.db,review
while-remain-reach.csv,review
whose-miss.csv,review
whose-sort-end.zip,review
will-way-could-head-goal-cost.log,review
will-yourself-red.xlsx,review
win-common-positive-sea-assume.md,review
window-perhaps.html,review
window-region-hit.zip,review
wish-herself-friend.xlsx,review
within-market.xlsx,review
within-resource.xml,review
within-state-really-thus-church-per.ps1,review
wonder-sort-need-join-low-less.log,review
world-southern-feel-personal-benefit.md,review
wort-hangen-man.pdf,review
would-him-entire.csv,review
writer-floor-draw.txt,False
year-toward-wish.pem,review
year-toward-wish.pub,review
year-within-class-fish-agent.md,review
yet-you-age-must.xml,review
you-front-while-heavy-professional.log,review
zehn-durch-doch.pdf,review
zimmer-arbeiten.pdf,review
